{
  "id": "102019b19490f507193aa7678742cfd6655",
  "version": "102019bcc5c552f7d7fa90dc0b3dacd031d",
  "schema": {
    "name": "document",
    "description": "Represents a document associated with a client or a demand.",
    "fields": [
      {
        "name": "id",
        "description": "Unique identifier for each data of this entity.",
        "type": 1,
        "compliance": {
          "confidentiality": 1,
          "reason": "Primary Key"
        }
      },
      {
        "name": "data_creator",
        "description": "id of the user who creates the record",
        "type": 1,
        "compliance": {
          "confidentiality": 2,
          "reason": "Audit"
        }
      },
      {
        "name": "data_updater",
        "description": "id of the user who updates the record",
        "type": 1,
        "compliance": {
          "confidentiality": 2,
          "reason": "Audit"
        }
      },
      {
        "name": "create_time",
        "description": "create time in timestamp unix",
        "type": 1,
        "compliance": {
          "confidentiality": 1,
          "reason": "System Metadata"
        },
        "format": "timestamp"
      },
      {
        "name": "update_time",
        "description": "update time in timestamp unix",
        "type": 1,
        "compliance": {
          "confidentiality": 1,
          "reason": "System Metadata"
        },
        "format": "timestamp"
      },
      {
        "name": "client_id",
        "description": "Reference to the client owner of the document.",
        "type": 1,
        "compliance": {
          "confidentiality": 2,
          "reason": "Foreign Key"
        }
      },
      {
        "name": "demand_id",
        "description": "Reference to the specific demand this document belongs to.",
        "type": 1,
        "compliance": {
          "confidentiality": 2,
          "reason": "Foreign Key"
        },
        "nullable": true
      },
      {
        "name": "document_type",
        "description": "Type of the document.",
        "type": 100,
        "compliance": {
          "confidentiality": 2,
          "reason": "Classification"
        },
        "enumeration": [
          {
            "value": "Unspecified"
          },
          {
            "number": 1,
            "value": "Identification"
          },
          {
            "number": 2,
            "value": "AddressProof"
          },
          {
            "number": 3,
            "value": "Contract"
          },
          {
            "number": 4,
            "value": "LegalProcess"
          },
          {
            "number": 5,
            "value": "Evidence"
          },
          {
            "number": 6,
            "value": "Invoice"
          },
          {
            "number": 7,
            "value": "Other"
          }
        ]
      },
      {
        "name": "status",
        "description": "Validation status of the document.",
        "type": 100,
        "compliance": {
          "confidentiality": 2,
          "reason": "Status"
        },
        "enumeration": [
          {
            "value": "Unspecified"
          },
          {
            "number": 1,
            "value": "Pending"
          },
          {
            "number": 2,
            "value": "Valid"
          },
          {
            "number": 3,
            "value": "Rejected"
          },
          {
            "number": 4,
            "value": "Expired"
          },
          {
            "number": 5,
            "value": "Archived"
          }
        ]
      },
      {
        "name": "file_info",
        "description": "Information about the physical file.",
        "type": 102,
        "compliance": {
          "confidentiality": 2,
          "reason": "File Metadata"
        },
        "inner": [
          {
            "name": "file_name",
            "description": "Original name of the file.",
            "type": 1,
            "compliance": {
              "confidentiality": 2,
              "reason": "Metadata"
            }
          },
          {
            "name": "file_size",
            "description": "Size of the file in bytes.",
            "type": 2,
            "compliance": {
              "confidentiality": 2,
              "reason": "Metadata"
            },
            "numeric": "int"
          },
          {
            "name": "mime_type",
            "description": "MIME type of the file.",
            "type": 1,
            "compliance": {
              "confidentiality": 2,
              "reason": "Metadata"
            }
          },
          {
            "name": "file_url",
            "description": "Storage URL of the file.",
            "type": 1,
            "compliance": {
              "confidentiality": 3,
              "reason": "Resource Access"
            }
          }
        ]
      },
      {
        "name": "metadata",
        "description": "Specific metadata regarding the document contents.",
        "type": 102,
        "compliance": {
          "confidentiality": 3,
          "reason": "Content"
        },
        "nullable": true,
        "inner": [
          {
            "name": "issue_date",
            "description": "Date the document was issued.",
            "type": 1,
            "compliance": {
              "confidentiality": 3,
              "reason": "Content"
            },
            "nullable": true,
            "format": "timestamp"
          },
          {
            "name": "expiry_date",
            "description": "Date the document expires.",
            "type": 1,
            "compliance": {
              "confidentiality": 3,
              "reason": "Content"
            },
            "nullable": true,
            "format": "timestamp"
          },
          {
            "name": "issuer",
            "description": "Entity that issued the document.",
            "type": 1,
            "compliance": {
              "confidentiality": 3,
              "reason": "Content"
            },
            "nullable": true
          },
          {
            "name": "notes",
            "description": "Additional notes about the document.",
            "type": 1,
            "compliance": {
              "confidentiality": 3,
              "reason": "Content"
            },
            "nullable": true
          }
        ]
      }
    ],
    "indexes": [
      {
        "fields": [
          "id"
        ],
        "unique": true,
        "primary": true,
        "order": false
      },
      {
        "fields": [
          "client_id"
        ],
        "order": false
      },
      {
        "fields": [
          "demand_id"
        ],
        "order": false
      },
      {
        "fields": [
          "document_type"
        ],
        "order": false
      },
      {
        "fields": [
          "status"
        ],
        "order": false
      },
      {
        "fields": [
          "data_creator"
        ],
        "order": false
      },
      {
        "fields": [
          "data_updater"
        ],
        "order": false
      }
    ],
    "relations": [
      {
        "referencing_fields": [
          "client_id"
        ],
        "referenced_entity": {
          "name": "client"
        },
        "referenced_fields": [
          "id"
        ],
        "cascade": true
      },
      {
        "referencing_fields": [
          "demand_id"
        ],
        "referenced_entity": {
          "name": "demand"
        },
        "referenced_fields": [
          "id"
        ]
      }
    ]
  },
  "task": {
    "id": "696b9c93e6e950bb2289f8b5",
    "root": "693c2aa501d82a4f259f4ab4",
    "project": "693c2aa501d82a4f259f4ab3",
    "user": "48d1f350-6001-709d-e3d6-b657be67d202"
  },
  "namespace": {
    "id": "01987547fc6c72ecb453bd2736bd4ea0",
    "tenant": 2,
    "name": "global-1",
    "default": true
  },
  "revision": 1
}