{
  "id": "102019b1a17173b71c79962c5a6459d5955",
  "version": "102019bcc5c552f7d7fa90dc0b3dacd031d",
  "schema": {
    "name": "interaction",
    "description": "Records communications and interactions with clients regarding various demands.",
    "fields": [
      {
        "name": "id",
        "description": "Unique identifier for each data of this entity.",
        "type": 1,
        "compliance": {
          "confidentiality": 1,
          "reason": "Primary Key"
        }
      },
      {
        "name": "data_creator",
        "description": "id of the user who creates the record",
        "type": 1,
        "compliance": {
          "confidentiality": 2,
          "reason": "Audit"
        }
      },
      {
        "name": "data_updater",
        "description": "id of the user who updates the record",
        "type": 1,
        "compliance": {
          "confidentiality": 2,
          "reason": "Audit"
        }
      },
      {
        "name": "create_time",
        "description": "create time in timestamp unix",
        "type": 1,
        "compliance": {
          "confidentiality": 1,
          "reason": "System Metadata"
        },
        "format": "timestamp"
      },
      {
        "name": "update_time",
        "description": "update time in timestamp unix",
        "type": 1,
        "compliance": {
          "confidentiality": 1,
          "reason": "System Metadata"
        },
        "format": "timestamp"
      },
      {
        "name": "client_id",
        "description": "Reference to the client involved in the interaction.",
        "type": 1,
        "compliance": {
          "confidentiality": 2,
          "reason": "Foreign Key"
        }
      },
      {
        "name": "demand_id",
        "description": "Reference to the specific demand discussed in the interaction, if applicable.",
        "type": 1,
        "compliance": {
          "confidentiality": 2,
          "reason": "Foreign Key"
        },
        "nullable": true
      },
      {
        "name": "interaction_type",
        "description": "Channel or method of the interaction.",
        "type": 100,
        "compliance": {
          "confidentiality": 2,
          "reason": "Classification"
        },
        "enumeration": [
          {
            "value": "Unspecified"
          },
          {
            "number": 1,
            "value": "WhatsApp"
          },
          {
            "number": 2,
            "value": "Email"
          },
          {
            "number": 3,
            "value": "InPerson"
          },
          {
            "number": 4,
            "value": "Phone"
          },
          {
            "number": 5,
            "value": "System"
          }
        ]
      },
      {
        "name": "subject",
        "description": "Subject summary of the interaction.",
        "type": 1,
        "compliance": {
          "confidentiality": 3,
          "reason": "Content"
        }
      },
      {
        "name": "description",
        "description": "Detailed description of the interaction.",
        "type": 1,
        "compliance": {
          "confidentiality": 3,
          "reason": "Content"
        }
      },
      {
        "name": "priority",
        "description": "Priority level of the interaction.",
        "type": 100,
        "compliance": {
          "confidentiality": 2,
          "reason": "SLA"
        },
        "enumeration": [
          {
            "value": "Unspecified"
          },
          {
            "number": 1,
            "value": "Low"
          },
          {
            "number": 2,
            "value": "Normal"
          },
          {
            "number": 3,
            "value": "High"
          },
          {
            "number": 4,
            "value": "Urgent"
          }
        ]
      },
      {
        "name": "status",
        "description": "Current status of the interaction.",
        "type": 100,
        "compliance": {
          "confidentiality": 2,
          "reason": "Status"
        },
        "enumeration": [
          {
            "value": "Unspecified"
          },
          {
            "number": 1,
            "value": "Pending"
          },
          {
            "number": 2,
            "value": "InProgress"
          },
          {
            "number": 3,
            "value": "Resolved"
          },
          {
            "number": 4,
            "value": "Archived"
          }
        ]
      },
      {
        "name": "resolved_at",
        "description": "Timestamp when the interaction was resolved.",
        "type": 1,
        "compliance": {
          "confidentiality": 2,
          "reason": "Timeline"
        },
        "nullable": true,
        "format": "timestamp"
      },
      {
        "name": "suggested_action",
        "description": "AI suggested action for this interaction.",
        "type": 1,
        "compliance": {
          "confidentiality": 2,
          "reason": "Internal"
        },
        "nullable": true
      }
    ],
    "indexes": [
      {
        "fields": [
          "id"
        ],
        "unique": true,
        "primary": true,
        "order": false
      },
      {
        "fields": [
          "client_id"
        ],
        "order": false
      },
      {
        "fields": [
          "demand_id"
        ],
        "order": false
      },
      {
        "fields": [
          "status"
        ],
        "order": false
      },
      {
        "fields": [
          "interaction_type"
        ],
        "order": false
      },
      {
        "fields": [
          "priority"
        ],
        "order": false
      },
      {
        "fields": [
          "data_creator"
        ],
        "order": false
      },
      {
        "fields": [
          "data_updater"
        ],
        "order": false
      }
    ],
    "relations": [
      {
        "referencing_fields": [
          "client_id"
        ],
        "referenced_entity": {
          "name": "client"
        },
        "referenced_fields": [
          "id"
        ],
        "cascade": true
      },
      {
        "referencing_fields": [
          "demand_id"
        ],
        "referenced_entity": {
          "name": "demand"
        },
        "referenced_fields": [
          "id"
        ]
      }
    ]
  },
  "task": {
    "id": "696b9c93e6e950bb2289f8b5",
    "root": "693c2aa501d82a4f259f4ab4",
    "project": "693c2aa501d82a4f259f4ab3",
    "user": "48d1f350-6001-709d-e3d6-b657be67d202"
  },
  "namespace": {
    "id": "01987547fc6c72ecb453bd2736bd4ea0",
    "tenant": 2,
    "name": "global-1",
    "default": true
  },
  "revision": 1
}