{
  "id": "102019b1a16e5b67bb093847a49f1e51cb2",
  "version": "102019b1a16e5b6794cbdef3f5cd2b06498",
  "schema": {
    "name": "vehicle",
    "description": "Represents a vehicle belonging to a client, used for tax exemption processes.",
    "fields": [
      {
        "name": "id",
        "description": "Unique identifier for each data of this entity.",
        "type": 1,
        "compliance": {
          "confidentiality": 1,
          "reason": "Primary Key"
        }
      },
      {
        "name": "data_creator",
        "description": "id of the user who creates the record",
        "type": 1,
        "compliance": {
          "confidentiality": 2,
          "reason": "Audit"
        }
      },
      {
        "name": "data_updater",
        "description": "id of the user who updates the record",
        "type": 1,
        "compliance": {
          "confidentiality": 2,
          "reason": "Audit"
        }
      },
      {
        "name": "create_time",
        "description": "create time in timestamp unix",
        "type": 1,
        "compliance": {
          "confidentiality": 1,
          "reason": "System Metadata"
        },
        "format": "timestamp"
      },
      {
        "name": "update_time",
        "description": "update time in timestamp unix",
        "type": 1,
        "compliance": {
          "confidentiality": 1,
          "reason": "System Metadata"
        },
        "format": "timestamp"
      },
      {
        "name": "client_id",
        "description": "Reference to the client owner of the vehicle.",
        "type": 1,
        "compliance": {
          "confidentiality": 2,
          "reason": "Foreign Key"
        }
      },
      {
        "name": "vehicle_type",
        "description": "Type of the vehicle.",
        "type": 100,
        "compliance": {
          "confidentiality": 2,
          "reason": "Classification"
        },
        "enumeration": [
          {
            "value": "Unspecified"
          },
          {
            "number": 1,
            "value": "Car"
          },
          {
            "number": 2,
            "value": "Motorcycle"
          },
          {
            "number": 3,
            "value": "Truck"
          },
          {
            "number": 4,
            "value": "Bus"
          },
          {
            "number": 5,
            "value": "Van"
          },
          {
            "number": 6,
            "value": "Other"
          }
        ]
      },
      {
        "name": "vehicle_info",
        "description": "Detailed specifications of the vehicle.",
        "type": 102,
        "compliance": {
          "confidentiality": 2,
          "reason": "Asset Details"
        },
        "inner": [
          {
            "name": "brand",
            "description": "Brand or manufacturer.",
            "type": 1,
            "compliance": {
              "confidentiality": 2,
              "reason": "Asset Details"
            }
          },
          {
            "name": "model",
            "description": "Model name.",
            "type": 1,
            "compliance": {
              "confidentiality": 2,
              "reason": "Asset Details"
            }
          },
          {
            "name": "year",
            "description": "Manufacture year.",
            "type": 2,
            "compliance": {
              "confidentiality": 2,
              "reason": "Asset Details"
            },
            "numeric": "int"
          },
          {
            "name": "plate",
            "description": "License plate number.",
            "type": 1,
            "compliance": {
              "confidentiality": 3,
              "reason": "PII"
            }
          },
          {
            "name": "chassis",
            "description": "Chassis number.",
            "type": 1,
            "compliance": {
              "confidentiality": 3,
              "reason": "PII"
            },
            "nullable": true
          },
          {
            "name": "renavam",
            "description": "RENAVAM number.",
            "type": 1,
            "compliance": {
              "confidentiality": 3,
              "reason": "PII"
            },
            "nullable": true
          }
        ]
      },
      {
        "name": "tax_exemption",
        "description": "Information regarding tax exemptions for this vehicle.",
        "type": 102,
        "compliance": {
          "confidentiality": 3,
          "reason": "Financial Status"
        },
        "nullable": true,
        "inner": [
          {
            "name": "ipi_exempt",
            "description": "Whether IPI exemption applies.",
            "type": 3,
            "compliance": {
              "confidentiality": 3,
              "reason": "Financial Status"
            }
          },
          {
            "name": "icms_exempt",
            "description": "Whether ICMS exemption applies.",
            "type": 3,
            "compliance": {
              "confidentiality": 3,
              "reason": "Financial Status"
            }
          },
          {
            "name": "ipva_exempt",
            "description": "Whether IPVA exemption applies.",
            "type": 3,
            "compliance": {
              "confidentiality": 3,
              "reason": "Financial Status"
            }
          },
          {
            "name": "exemption_date",
            "description": "Date the exemption was granted.",
            "type": 1,
            "compliance": {
              "confidentiality": 3,
              "reason": "Financial Status"
            },
            "nullable": true,
            "format": "timestamp"
          },
          {
            "name": "notes",
            "description": "Notes regarding the exemption.",
            "type": 1,
            "compliance": {
              "confidentiality": 2,
              "reason": "Content"
            },
            "nullable": true
          }
        ]
      }
    ],
    "indexes": [
      {
        "fields": [
          "id"
        ],
        "unique": true,
        "primary": true,
        "order": false
      },
      {
        "fields": [
          "client_id"
        ],
        "order": false
      },
      {
        "fields": [
          "vehicle_type"
        ],
        "order": false
      },
      {
        "fields": [
          "data_creator"
        ],
        "order": false
      },
      {
        "fields": [
          "data_updater"
        ],
        "order": false
      }
    ],
    "relations": [
      {
        "referencing_fields": [
          "client_id"
        ],
        "referenced_entity": {
          "name": "client"
        },
        "referenced_fields": [
          "id"
        ],
        "cascade": true
      }
    ]
  },
  "task": {
    "id": "693df864ca7fe74256af1341",
    "root": "693c2aa501d82a4f259f4ab4",
    "project": "693c2aa501d82a4f259f4ab3",
    "user": "48d1f350-6001-709d-e3d6-b657be67d202"
  },
  "namespace": {
    "id": "01987547fc6c72ecb453bd2736bd4ea0",
    "tenant": 2,
    "name": "global-1",
    "default": true
  },
  "revision": 1
}