{
  "id": "102019b18d19d3b78ce8a33cc4c2ecd03bb",
  "version": "102019b18d19d3b75f8bb15846cff9bfbfd",
  "schema": {
    "name": "document",
    "description": "Represents a document associated with a client and optionally a demand.",
    "fields": [
      {
        "name": "id",
        "description": "Unique identifier for each data of this entity.",
        "type": 1,
        "compliance": {
          "confidentiality": 1,
          "reason": "Primary Key"
        }
      },
      {
        "name": "data_creator",
        "description": "id of the user who creates the record",
        "type": 1,
        "compliance": {
          "confidentiality": 2,
          "reason": "Audit"
        }
      },
      {
        "name": "data_updater",
        "description": "id of the user who updates the record",
        "type": 1,
        "compliance": {
          "confidentiality": 2,
          "reason": "Audit"
        }
      },
      {
        "name": "create_time",
        "description": "create time in timestamp unix",
        "type": 1,
        "compliance": {
          "confidentiality": 1,
          "reason": "System Metadata"
        },
        "format": "timestamp"
      },
      {
        "name": "update_time",
        "description": "update time in timestamp unix",
        "type": 1,
        "compliance": {
          "confidentiality": 1,
          "reason": "System Metadata"
        },
        "format": "timestamp"
      },
      {
        "name": "client_id",
        "description": "Foreign key referencing the client associated with the document.",
        "type": 1,
        "compliance": {
          "confidentiality": 2,
          "reason": "Relationship"
        }
      },
      {
        "name": "demand_id",
        "description": "Foreign key referencing the demand associated with the document, if applicable.",
        "type": 1,
        "compliance": {
          "confidentiality": 2,
          "reason": "Relationship"
        },
        "nullable": true
      },
      {
        "name": "document_type",
        "description": "Type of the document.",
        "type": 100,
        "compliance": {
          "confidentiality": 2,
          "reason": "Classification"
        },
        "enumeration": [
          {
            "value": "Unspecified"
          },
          {
            "number": 1,
            "value": "PersonalId"
          },
          {
            "number": 2,
            "value": "ProofOfAddress"
          },
          {
            "number": 3,
            "value": "Contract"
          },
          {
            "number": 4,
            "value": "LegalProcess"
          },
          {
            "number": 5,
            "value": "Evidence"
          },
          {
            "number": 6,
            "value": "Invoice"
          },
          {
            "number": 7,
            "value": "Other"
          }
        ]
      },
      {
        "name": "file_name",
        "description": "Name of the file.",
        "type": 1,
        "compliance": {
          "confidentiality": 2,
          "reason": "Content"
        }
      },
      {
        "name": "file_url",
        "description": "Encrypted URL where the file is stored.",
        "type": 1,
        "compliance": {
          "confidentiality": 3,
          "reason": "Sensitive Asset"
        },
        "encryption": true
      },
      {
        "name": "file_size",
        "description": "Size of the file in bytes.",
        "type": 2,
        "compliance": {
          "confidentiality": 1,
          "reason": "Metadata"
        },
        "numeric": "int"
      },
      {
        "name": "file_mime_type",
        "description": "MIME type of the file.",
        "type": 1,
        "compliance": {
          "confidentiality": 1,
          "reason": "Metadata"
        }
      },
      {
        "name": "description",
        "description": "Description or summary of the document content.",
        "type": 1,
        "compliance": {
          "confidentiality": 2,
          "reason": "Content"
        },
        "nullable": true
      },
      {
        "name": "issue_date",
        "description": "Date when the document was issued.",
        "type": 1,
        "compliance": {
          "confidentiality": 2,
          "reason": "Record"
        },
        "nullable": true,
        "format": "timestamp"
      },
      {
        "name": "expiry_date",
        "description": "Date when the document expires.",
        "type": 1,
        "compliance": {
          "confidentiality": 2,
          "reason": "Record"
        },
        "nullable": true,
        "format": "timestamp"
      },
      {
        "name": "status",
        "description": "Current status of the document.",
        "type": 100,
        "compliance": {
          "confidentiality": 2,
          "reason": "Workflow"
        },
        "enumeration": [
          {
            "value": "Unspecified"
          },
          {
            "number": 1,
            "value": "PendingReview"
          },
          {
            "number": 2,
            "value": "Valid"
          },
          {
            "number": 3,
            "value": "Expired"
          },
          {
            "number": 4,
            "value": "Rejected"
          },
          {
            "number": 5,
            "value": "Archived"
          }
        ]
      },
      {
        "name": "notes",
        "description": "Additional notes about the document.",
        "type": 1,
        "compliance": {
          "confidentiality": 2,
          "reason": "Internal"
        },
        "nullable": true
      }
    ],
    "indexes": [
      {
        "fields": [
          "id"
        ],
        "unique": true,
        "primary": true,
        "order": false
      },
      {
        "fields": [
          "client_id"
        ],
        "order": false
      },
      {
        "fields": [
          "demand_id"
        ],
        "order": false
      },
      {
        "fields": [
          "document_type"
        ],
        "order": false
      },
      {
        "fields": [
          "data_creator"
        ],
        "order": false
      },
      {
        "fields": [
          "data_updater"
        ],
        "order": false
      }
    ],
    "relations": [
      {
        "referencing_fields": [
          "client_id"
        ],
        "referenced_entity": {
          "name": "client"
        },
        "referenced_fields": [
          "id"
        ],
        "cascade": true
      },
      {
        "referencing_fields": [
          "demand_id"
        ],
        "referenced_entity": {
          "name": "demand"
        },
        "referenced_fields": [
          "id"
        ],
        "cascade": true
      }
    ]
  },
  "task": {
    "id": "693da3b5f4f812933c645a88",
    "root": "693c2aa501d82a4f259f4ab4",
    "project": "693c2aa501d82a4f259f4ab3",
    "user": "48d1f350-6001-709d-e3d6-b657be67d202"
  },
  "namespace": {
    "id": "01987547fc6c72ecb453bd2736bd4ea0",
    "tenant": 2,
    "name": "global-1",
    "default": true
  },
  "revision": 1
}